Playlist,Video Title,Video URL
Sorting algorithms,Merge Sort algorithm,https://www.youtube.com/watch?v=4lxlwLDJpsY
Sorting algorithms,Selection sort algorithm,https://www.youtube.com/watch?v=CkF9Cbtl4Zk
Sorting algorithms,Quick Sort,https://www.youtube.com/watch?v=OWEDofroesA
Sorting algorithms,Insertion Sort,https://www.youtube.com/watch?v=hQEVUsflZiE
Sorting algorithms,Counting Sort,https://www.youtube.com/watch?v=_6sbCBWr77E
Sorting algorithms,Radix Sort,https://www.youtube.com/watch?v=XdQXaHXmtzk
Top Amazon Interview Problems,Count Unique Characters of All Substrings of a Given String | Leetcode 828,https://www.youtube.com/watch?v=JT1NDR-M_8A
Top Amazon Interview Problems,Integer to Roman | Leetcode #12,https://www.youtube.com/watch?v=Rsq1ObYg6ak
Top Amazon Interview Problems,Number of islands | Leetcode #200,https://www.youtube.com/watch?v=__98uL6wst8
Top Amazon Interview Problems,LRU cache | Leetcode #146,https://www.youtube.com/watch?v=UudCSLREm08
Top Amazon Interview Problems,Group anagrams | Leetcode #49,https://www.youtube.com/watch?v=0I6IL3TnIZs
Top Amazon Interview Problems,Roman To Integer | Leetcode 13,https://www.youtube.com/watch?v=Ydho2JPTI3Y
Top Amazon Interview Problems,Trapping Rainwater Problem | Leetcode #42,https://www.youtube.com/watch?v=C8UjlJZsHBw
Top Amazon Interview Problems,Sliding Window Maximum | Leetcode #239,https://www.youtube.com/watch?v=LiSdD3ljCIE
Top Amazon Interview Problems,Merge K sorted lists | Leetcode #23,https://www.youtube.com/watch?v=kpCesr9VXDA
Top Amazon Interview Problems,Word Ladder | Leetcode #127,https://www.youtube.com/watch?v=ZVJ3asMoZ18
Top Amazon Interview Problems,Word Ladder 2 | Leetcode #126 | BFS + DFS,https://www.youtube.com/watch?v=mIZJIuMpI2M
Top Amazon Interview Problems,Course Schedule | Deadlock detection | Graph coloring | Leetcode #207,https://www.youtube.com/watch?v=kXy0ABd1vwo
Top Amazon Interview Problems,Auto complete feature using trie,https://www.youtube.com/watch?v=DfkLGiW8vNA
Top Amazon Interview Problems,Word Break | Dynamic Programming | Leetcode #139,https://www.youtube.com/watch?v=th4OnoGasMU
Top Amazon Interview Problems,Word Break 2 | Leetcode #140,https://www.youtube.com/watch?v=fNVs1J2KCyo
Top Amazon Interview Problems,Rotten oranges problem | Leetcode #994,https://www.youtube.com/watch?v=CxrnOTUlNJE
Top Amazon Interview Problems,Topological sort | Course schedule 2 | Leetcode #210,https://www.youtube.com/watch?v=qe_pQCh09yU
Top Amazon Interview Problems,K Closest Points to Origin | Leetcode #973,https://www.youtube.com/watch?v=VORIA407dB4
Top Amazon Interview Problems,Longest Duplicate Substring | TRIE | Rolling Hash | Binary Search | Leetcode #1044,https://www.youtube.com/watch?v=FQ8hcOOzQMU
Netflix System Design,Elasticity in Cloud | AWS vs Netflix Data Centers,https://www.youtube.com/watch?v=WuN6Huxfkv8
Important Interview Questions,How to Sort a very large file | External Sorting technique,https://www.youtube.com/watch?v=2qbZKZfs8aA
Hashing Full Course,Hashing Vs Hashtable,https://www.youtube.com/watch?v=92aV0eJEVug
Hashing Full Course,Need for HashMap,https://www.youtube.com/watch?v=EK0PyKMnJV4
Hashing Full Course,Concept of Hashing,https://www.youtube.com/watch?v=vmGASZxeGVQ
Hashing Full Course,Chaining in Hashmap | Collision Resolution Technique,https://www.youtube.com/watch?v=udB-dHqS3ng
Hashing Full Course,Open Addressing in Hashmap,https://www.youtube.com/watch?v=meAP-HeIj6c
Hashing Full Course,4 Sum Problem | Leetcode #18,https://www.youtube.com/watch?v=8ViERnSgPKs
HEAP full course,Power of Heap,https://www.youtube.com/watch?v=RU08pp_VPSs
HEAP full course,Concepts of Heap | Understanding heap,https://www.youtube.com/watch?v=N0Frqx9UlrI
HEAP full course,Representation of Heap | Important Concepts,https://www.youtube.com/watch?v=qQkfUKer3LU
HEAP full course,Heapify Algorithm | Max Heapify | Min Heapify,https://www.youtube.com/watch?v=cuL8gXCSA58
HEAP full course,Build Heap Algorithm | Proof of O(N) Time Complexity,https://www.youtube.com/watch?v=VkKmmwzfIG4
HEAP full course,Heap Algorithms | Extract Max | Increase Key | Decrease Key | Insert Element,https://www.youtube.com/watch?v=KkeIB6soiVI
HEAP full course,Heapsort Algorithm | CODE Implementation,https://www.youtube.com/watch?v=kU4KBD4NFtw
HEAP full course,Heap Implementation | Push | Pop | CODE,https://www.youtube.com/watch?v=TdMAsIIM_n8
HEAP full course,Last stone weight | Leetcode #1046,https://www.youtube.com/watch?v=-1jxt_DPl48
HEAP full course,Kth largest element in an array | Kth smallest element in an array,https://www.youtube.com/watch?v=aXJ-p3Qa4TY
HEAP full course,Top K Frequent Elements | Leetcode #347 | Heap | Hashmap,https://www.youtube.com/watch?v=Wh3A29psE_Y
HEAP full course,Sort K sorted array | Sort nearly sorted array,https://www.youtube.com/watch?v=tJK7vjNKdLY
HEAP full course,Find Median from Data Stream,https://www.youtube.com/watch?v=1LkOrc-Le-Y
Dynamic Programming Newbie to Expert,What is Dynamic Programming | When do we use dynamic programming,https://www.youtube.com/watch?v=f19e_ofbydc
Dynamic Programming Newbie to Expert,Dynamic Programming Classification,https://www.youtube.com/watch?v=CiIa0Wut6dc
Dynamic Programming Newbie to Expert,Knapsack Classification,https://www.youtube.com/watch?v=ReYPIilhrIo
Dynamic Programming Newbie to Expert,01 Knapsack using Recursion | Building Intuition,https://www.youtube.com/watch?v=mGfK-j9gAQA
Dynamic Programming Newbie to Expert,01 Knapsack using Memoization | Concept of Memoization,https://www.youtube.com/watch?v=dT6dvdbpChA
Dynamic Programming Newbie to Expert,01 Knapsack Tabulation Dynamic Programming | How to build DP table,https://www.youtube.com/watch?v=WNkqbqyvR_0
Dynamic Programming Newbie to Expert,Identification of Knapsack problems and its Types,https://www.youtube.com/watch?v=oaloiuvGcQg
Dynamic Programming Newbie to Expert,subset sum problem dynamic programming | backtracking sum of subsets,https://www.youtube.com/watch?v=34l1kTIQCIA
Dynamic Programming Newbie to Expert,Partition equal subset sum | Equal sum partition | Dynamic Programming | Leetcode #416,https://www.youtube.com/watch?v=obhWqDfzwQQ
Dynamic Programming Newbie to Expert,Count subsets with given sum | Dynamic Programming,https://www.youtube.com/watch?v=MqYLmIzl8sQ
Dynamic Programming Newbie to Expert,Minimum subset sum difference | Minimum difference subsets | Dynamic Programming,https://www.youtube.com/watch?v=FB0KUhsxXGY
Dynamic Programming Newbie to Expert,Number of subsets with given difference | Dynamic Programming | 01 Knapsack,https://www.youtube.com/watch?v=QihB4bI6BJw
Dynamic Programming Newbie to Expert,Target Sum | Dynamic Problem | Leetcode #494,https://www.youtube.com/watch?v=hqGa65Rp5LQ
Dynamic Programming Newbie to Expert,Coin Change Problem | Dynamic Programming | Leetcode #322 | Unbounded Knapsack,https://www.youtube.com/watch?v=ZI17bgz07EE
Dynamic Programming Newbie to Expert,Coin Change 2 | Dynamic programming | Leetcode #518,https://www.youtube.com/watch?v=ruMqWViJ2_U
Dynamic Programming Newbie to Expert,Rod Cutting Problem | Dynamic Programming | Unbounded Knapsack,https://www.youtube.com/watch?v=nYJDp0Hj7M4
Dynamic Programming Newbie to Expert,Minimum Operations to Reduce X to Zero | Dynamic Programming | Leetcode #1658,https://www.youtube.com/watch?v=HddgLcq9Efs
Dynamic Programming Newbie to Expert,Interleaving String | Dynamic Programming | Leetcode #97,https://www.youtube.com/watch?v=EzQ_YEmR598
Dynamic Programming Newbie to Expert,Longest common subsequence | Leetcode #1143,https://www.youtube.com/watch?v=LAKWWDX3sGw
Dynamic Programming Newbie to Expert,Shortest Common Supersequence | Dynamic Programming | Leetcode #1092,https://www.youtube.com/watch?v=pHXntFeu6f8
Dynamic Programming Newbie to Expert,Uncrossed Lines | Dynamic  programming | Leetcode #1035,https://www.youtube.com/watch?v=duCx_62nMOA
Dynamic Programming Newbie to Expert,Longest Repeating Subsequence | Dynamic Programming | LCS,https://www.youtube.com/watch?v=ZqG89Z-dKpI
Dynamic Programming Newbie to Expert,Pattern Matching | Dynamic Programming | LCS,https://www.youtube.com/watch?v=eG5NP5KBJVA
Dynamic Programming Newbie to Expert,Longest increasing subsequence,https://www.youtube.com/watch?v=mouCn3CFpgg
Dynamic Programming Newbie to Expert,Box Stacking Problem | Dynamic Programming | LIS,https://www.youtube.com/watch?v=kLucR6-Q0GA
Dynamic Programming Newbie to Expert,Russian Doll Envelopes | Dynamic Programming | Leetcode #354 | LIS,https://www.youtube.com/watch?v=3fF1r5nhQX4
Dynamic Programming Newbie to Expert,Maximum Sum Increasing Subsequence | Dynamic Programming | MSIS | LIS,https://www.youtube.com/watch?v=R7DrJsTkK8w
Dynamic Programming Newbie to Expert,Edit Distance and its Variations | Dynamic programming,https://www.youtube.com/watch?v=5RlPzxWv9p4
Dynamic Programming Newbie to Expert,Minimum edit distance | Dynamic programming | Backtracking,https://www.youtube.com/watch?v=AuYujVj646Q
Dynamic Programming Newbie to Expert,Kadanes algorithm | Longest sum contiguous subarray,https://www.youtube.com/watch?v=YxuK6A3SvTs
Dynamic Programming Newbie to Expert,Maximum Sum Circular Subarray | Leetcode #918,https://www.youtube.com/watch?v=Q1TYVUEr-wY
Dynamic Programming Newbie to Expert,DP on GRID and its Variations,https://www.youtube.com/watch?v=tEdsR9_VUQI
Dynamic Programming Newbie to Expert,Unique Paths | Dynamic programming | Leetcode #62,https://www.youtube.com/watch?v=rBAxUTqvlQA
Dynamic Programming Newbie to Expert,Unique Paths 2 | Dynamic Programming | Leetcode #63,https://www.youtube.com/watch?v=z6kelCB0ww4
Dynamic Programming Newbie to Expert,Minimum path sum | Min cost Path | Dynamic programming | Leetcode #64,https://www.youtube.com/watch?v=t1shZ8_s6jc
Dynamic Programming Newbie to Expert,Maximal square | Dynamic programming | Leetcode #221,https://www.youtube.com/watch?v=RElcqtFYTm0
Dynamic Programming Newbie to Expert,Largest rectangle in Histogram | Leetcode #84,https://www.youtube.com/watch?v=vcv3REtIvEo
Dynamic Programming Newbie to Expert,Maximum area rectangle in a binary matrix | Leetcode #85 | Maximal rectangle,https://www.youtube.com/watch?v=dAVF2NpC3j4
Dynamic Programming Newbie to Expert,Matrix Chain Multiplication idea and its pattern detection,https://www.youtube.com/watch?v=XrB_MWPjHHc
Dynamic Programming Newbie to Expert,Matrix Chain Multiplication using Recursion | MCM,https://www.youtube.com/watch?v=zQrR8t7urEE
Dynamic Programming Newbie to Expert,Matrix Chain Multiplication Memoization | Dynamic Programming | MCM,https://www.youtube.com/watch?v=nrLREBkv0Nc
Dynamic Programming Newbie to Expert,Matrix Chain Multiplication using Tabulation DP | Dynamic Programming,https://www.youtube.com/watch?v=eTL-lqbBbEw
Dynamic Programming Newbie to Expert,Balloon burst problem dynamic programming | Leetcode #312,https://www.youtube.com/watch?v=uG_MtaCJIrM
Dynamic Programming Newbie to Expert,Scramble string | Dynamic Programming | MCM | Leetcode #87,https://www.youtube.com/watch?v=MDmZm_aVDF8
Dynamic Programming Newbie to Expert,Concepts of Bitmasking,https://www.youtube.com/watch?v=xFWgZ5DTjFo
Dynamic Programming Newbie to Expert,Longest common substring | Dynamic programming,https://www.youtube.com/watch?v=UZRkpGk943Q
August challenge,Detect capital | Leetcode #520,https://www.youtube.com/watch?v=hc6lUrPBmUE
August challenge,Valid Palindrome | Leetcode #125,https://www.youtube.com/watch?v=XdMau9kwUvU
August challenge,Add and search word | Data structure design | Trie + Backtracking,https://www.youtube.com/watch?v=h-F2jRUzpBo
August challenge,Vertical order traversal of a binary tree | Leetcode #987,https://www.youtube.com/watch?v=kqHNP6NTzME
August challenge,H index | Leetcode #274,https://www.youtube.com/watch?v=wjOjCfkv1mg
August challenge,Iterator for combination | BitMasking | Backtracking | Leetcode #1286,https://www.youtube.com/watch?v=Lsc4mj2Wd-E
August challenge,Non overlapping intervals | Leetcode #435,https://www.youtube.com/watch?v=BTObFnHbD4U
August challenge,Best Time to Buy and Sell Stock III | Leetcode #123,https://www.youtube.com/watch?v=37s1_xBiqH0
August challenge,Best time to buy and sell stock 4 | Leetcode #188,https://www.youtube.com/watch?v=6928FkPhGUA
Leetcode JUNE challenge,Invert Binary Tree | Leetcode #226,https://www.youtube.com/watch?v=_i0jqdVkObU
Leetcode JUNE challenge,Delete Node in a Linked List | Leetcode #237,https://www.youtube.com/watch?v=bJPmNKMtjdk
Leetcode JUNE challenge,Two City Scheduling | Leetcode #1029,https://www.youtube.com/watch?v=vtNoP43hGJA
Leetcode JUNE challenge,Reverse String | Leetcode #344,https://www.youtube.com/watch?v=LMeYeTXrGak
Leetcode JUNE challenge,Random Pick with Weight | Bucket approach | Leetcode #528 | Binary search,https://www.youtube.com/watch?v=fWS0TCcr-lE
Leetcode JUNE challenge,Queue Reconstruction by Height | Leetcode #406,https://www.youtube.com/watch?v=khddrw6Bfyw
Leetcode JUNE challenge,Power of 2 | Leetcode #231 | 4 methods explained,https://www.youtube.com/watch?v=4cqHahxFTYw
Leetcode JUNE challenge,Is Subsequence | Leetcode #392 | Binary search + Map | 2 Pointer,https://www.youtube.com/watch?v=PwQnydsKk_I
Leetcode JUNE challenge,Search Insert Position | Leetcode #35,https://www.youtube.com/watch?v=0A40XJH_VvE
Leetcode JUNE challenge,Sort colors | Leetcode #75,https://www.youtube.com/watch?v=sEQk8xgjx64
Leetcode JUNE challenge,Design data structure | Insert Delete GetRandom O(1) | Leetcode #380,https://www.youtube.com/watch?v=WtkwD7ikxfg
Leetcode JUNE challenge,Largest Divisible Subset | Dynamic programming | Leetcode #368,https://www.youtube.com/watch?v=Wv6DlL0Sawg
Leetcode JUNE challenge,Cheapest Flights Within K Stops | DFS + Pruning | Leetcode #787,https://www.youtube.com/watch?v=60RbWlDFsmI
Leetcode JUNE challenge,Search in a Binary Search Tree | Leetcode #700,https://www.youtube.com/watch?v=Lr2oxJlnLMM
Leetcode JUNE challenge,Validate IP Address | Regex | Leetcode #468,https://www.youtube.com/watch?v=EB5FAwHqpm4
Leetcode JUNE challenge,Surrounded Regions | Leetcode #130,https://www.youtube.com/watch?v=0ZJViJEdtEc
Leetcode JUNE challenge,H Index II | Binary search | Leetcode #275,https://www.youtube.com/watch?v=CjKJDloMnwE
Leetcode JUNE challenge,Permutation Sequence | Leetcode #60,https://www.youtube.com/watch?v=W9SIlE2jhBQ
Leetcode JUNE challenge,Dungeon Game | Dynamic programming | Leetcode #174,https://www.youtube.com/watch?v=4uUGxZXoR5o
Leetcode JUNE challenge,Single Number II | 4 Methods | Leetcode #137,https://www.youtube.com/watch?v=cOFAmaMBVps
Leetcode JUNE challenge,Count Complete Tree Nodes | Leetcode #222,https://www.youtube.com/watch?v=CvrPf1-flAA
Leetcode JUNE challenge,Unique Binary Search Trees | Count all structurally unique BSTs | Catalan number | Leetcode #96,https://www.youtube.com/watch?v=OIc0mHgHUww
Leetcode JUNE challenge,Duplicate number in an immutable array | Floyd cycle detection algo | Leetcode #287,https://www.youtube.com/watch?v=dfIqLxAf-8s
Leetcode JUNE challenge,Sum Root to Leaf Numbers | Recursion | Leetcode #129,https://www.youtube.com/watch?v=Gi0202QawRQ
Leetcode JUNE challenge,Perfect squares | Dynamic programming | Legendre's  theorem | Leetcode #279,https://www.youtube.com/watch?v=1xfx6M_GqFk
Leetcode JUNE challenge,Reconstruct Itinerary | Leetcode #332,https://www.youtube.com/watch?v=WYqsg5dziaQ
Leetcode JUNE challenge,Word Search II | DFS + Map | DFS + TRIE | Leetcode #212,https://www.youtube.com/watch?v=EmvsBM7o-5k
Leetcode MAY challenge,First bad version | Leetcode #278,https://www.youtube.com/watch?v=SiDMFIMldgg
Leetcode MAY challenge,Jewels and stones | Leetcode #771,https://www.youtube.com/watch?v=C9JKUMYmgUA
Leetcode MAY challenge,Ransom note | Leetcode #383,https://www.youtube.com/watch?v=bYzvVCfbwXM
Leetcode MAY challenge,Number complement | Leetcode #476,https://www.youtube.com/watch?v=LA1BnKiarEQ
Leetcode MAY challenge,First unique character in a string | Leetcode #387,https://www.youtube.com/watch?v=ReUGo6fZafc
Leetcode MAY challenge,Majority element | Leetcode #169,https://www.youtube.com/watch?v=bg6r_fgtpMQ
Leetcode MAY challenge,Cousins in a binary tree | Leetcode #993,https://www.youtube.com/watch?v=UyxnGWMvxwc
Leetcode MAY challenge,Check If It Is a Straight Line | Leetcode #1232 | Find if all coordinate points form a straight line,https://www.youtube.com/watch?v=f2n9NOkqvZQ
Leetcode MAY challenge,Valid Perfect Square | Leetcode #367,https://www.youtube.com/watch?v=tSy8lDLPduU
Leetcode MAY challenge,Find the town judge | Leetcode #997,https://www.youtube.com/watch?v=ZUP_tIs4VaE
Leetcode MAY challenge,Flood Fill | Leetcode #733,https://www.youtube.com/watch?v=RwozX--B_Xs
Leetcode MAY challenge,Single element in a sorted array | Leetcode #540,https://www.youtube.com/watch?v=nMGL2vlyJk0
Leetcode MAY challenge,Remove K digits | Build lowest number | Leetcode #402,https://www.youtube.com/watch?v=3QJzHqNAEXs
Leetcode MAY challenge,Implement TRIE | Leetcode #208,https://www.youtube.com/watch?v=xqsaAhQC6c8
Leetcode MAY challenge,Odd Even Linked List | Leetcode #328 | Segregate odd even inplace,https://www.youtube.com/watch?v=YE9ggKeHeK0
Leetcode MAY challenge,Find All Anagrams in a String | Sliding window | Leetcode #438,https://www.youtube.com/watch?v=fYgU6Bi2fRg
Leetcode MAY challenge,Permutation in String | Anagram  of string s1 in string s2 | Leetcode #567,https://www.youtube.com/watch?v=XFh_AoEdOTw
Leetcode MAY challenge,Online Stock Span | Previous greater element | Leetcode #901,https://www.youtube.com/watch?v=lGWLBgwd-cw
Leetcode MAY challenge,Kth Smallest Element in a BST | Leetcode #230,https://www.youtube.com/watch?v=KqMm81Y7j9M
Leetcode MAY challenge,Count Square Submatrices with All Ones | Dynamic Programming | Rolling Hash | Leetcode #1277,https://www.youtube.com/watch?v=Z2h3rkVXPeQ
Leetcode MAY challenge,Sort Characters By Frequency | Leetcode #451,https://www.youtube.com/watch?v=vltY5jxqcco
Leetcode MAY challenge,Interval List Intersections | Leetcode #986,https://www.youtube.com/watch?v=Qh8ZjL1RpLI
Leetcode MAY challenge,Construct binary search tree from preorder traversal | Leetcode #1008,https://www.youtube.com/watch?v=9sw8RRsBw6s
Leetcode MAY challenge,Contiguous array | Leetcode #525,https://www.youtube.com/watch?v=9ZyLjjk536U
Leetcode MAY challenge,Possible Bipartition | Bipartite graph | Graph coloring | Leetcode #886,https://www.youtube.com/watch?v=0ACfAqs8mm0
Leetcode MAY challenge,Counting Bits | Leetcode #338,https://www.youtube.com/watch?v=awxaRgUB4Kw
30-days Leetcode april coding,Single number | Leetcode,https://www.youtube.com/watch?v=krgK0UlfNYY
30-days Leetcode april coding,Happy number | Leetcode,https://www.youtube.com/watch?v=Egw03gI-Tf0
30-days Leetcode april coding,Move zeroes | Leetcode,https://www.youtube.com/watch?v=PNJoyRaIW7U
30-days Leetcode april coding,Best time to buy and sell stock 2 | Valley peak approach | Leetcode #122,https://www.youtube.com/watch?v=K8iHi8AW1ls
30-days Leetcode april coding,Counting elements | Leetcode,https://www.youtube.com/watch?v=GmHengYK3Nk
30-days Leetcode april coding,Middle of linked list | Leetcode #876,https://www.youtube.com/watch?v=_cl3O4FBZh8
30-days Leetcode april coding,Backspace string compare | Leetcode #844,https://www.youtube.com/watch?v=nxo_4FzXLxU
30-days Leetcode april coding,Implement min stack | Leetcode #155,https://www.youtube.com/watch?v=8UegNFCUQks
30-days Leetcode april coding,Diameter of a binary tree | Leetcode #543,https://www.youtube.com/watch?v=9bCqmaIY2as
30-days Leetcode april coding,Perform string shifts | Leetcode | String rotation,https://www.youtube.com/watch?v=sNH-f_5Gm0I
30-days Leetcode april coding,Product of array except self | Leetcode #238,https://www.youtube.com/watch?v=gREVHiZjXeQ
30-days Leetcode april coding,Valid parenthesis string | Leetcode #678,https://www.youtube.com/watch?v=KuE_Cn3xhxI
30-days Leetcode april coding,Search in rotated sorted array | Leetcode #33,https://www.youtube.com/watch?v=oTfPJKGEHcc
30-days Leetcode april coding,Leftmost column with atleast a one | Ladder approach | Leetcode,https://www.youtube.com/watch?v=K2E5fMMAf5U
30-days Leetcode april coding,Subarray sum equals K | Number of subarrays with sum equals K | Leetcode #560,https://www.youtube.com/watch?v=HbbYPQc-Oo4
30-days Leetcode april coding,Bitwise AND of numbers range | Range AND query | Leetcode #201,https://www.youtube.com/watch?v=-qrpJykY2gE
30-days Leetcode april coding,Jump game | Leetcode #55 | Valley peak approach,https://www.youtube.com/watch?v=muDPTDrpS28
30-days Leetcode april coding,First unique number | Leetcode,https://www.youtube.com/watch?v=x_m69OeOHN8
30-days Leetcode april coding,Binary tree maximum path sum | Leetcode #124,https://www.youtube.com/watch?v=TO5zsKtc1Ic
30-days Leetcode april coding,Valid sequence from root to leaf in a binary tree | Leetcode,https://www.youtube.com/watch?v=Mu4b6dLfCks
Stack & Queue,Next greater element in an array,https://www.youtube.com/watch?v=sDKpIO2HGq0
Stack & Queue,Implement Queue using Stack (with Example),https://www.youtube.com/watch?v=xSa0sD-RqMg
Stack & Queue,Implement Stack by using Queue (with Example),https://www.youtube.com/watch?v=ww5Ac232WEU
Stack & Queue,Parenthesis checker | Check validity of an expression,https://www.youtube.com/watch?v=FPvAfpSXjRw
Stack & Queue,Circular tour problem,https://www.youtube.com/watch?v=zcnVaVJkLhY
Stack & Queue,Design special stack with getmin in O(1) time,https://www.youtube.com/watch?v=gd9xEAnxXzc
Stack & Queue,Design special stack with getmin in O(1) time time and O(1) space,https://www.youtube.com/watch?v=QMlDCR9xyd8
Stack & Queue,Implement LRU cache,https://www.youtube.com/watch?v=akFRa58Svug
Stack & Queue,First non repeating character in a stream | Leetcode #387,https://www.youtube.com/watch?v=KnWqCfIfHX0
Stack & Queue,Maximum of all subarrays of size K | Leetcode #239,https://www.youtube.com/watch?v=TCHSXAu5pls
Stack & Queue,Remove Duplicate Letters | Leetcode #316,https://www.youtube.com/watch?v=j313ttNJjo0
Mathematical,Sieve of eratosthenes,https://www.youtube.com/watch?v=pKvGYOnO9Ao
Geometric algorithms,Check if two line segments intersect,https://www.youtube.com/watch?v=bbTqI0oqL5U
Geometric algorithms,klee's algorithm | Length of union of line segments,https://www.youtube.com/watch?v=m13Omjv43eM
Geometric algorithms,Check if a point lies inside a triangle,https://www.youtube.com/watch?v=qObJQesvZUU
Memory management in operating system,Concept of CPU utilization | Memory management | Operating system,https://www.youtube.com/watch?v=KKpm9m4A3-w
Hash,Rolling hash | Rabin karp algorithm | Pattern searching,https://www.youtube.com/watch?v=BQ9E-2umSWc
Hash,Boggle | Find all possible words in a board of characters,https://www.youtube.com/watch?v=-3rVMYGBwO0
Hash,Perfect subarray | Google Kickstart 2020 | Round C | Q3,https://www.youtube.com/watch?v=Lyay4WJwXyI
Hash,Trick to efficiently search string in corpus | String to integer | MAP | TRIE,https://www.youtube.com/watch?v=ob7scCrFCxc
Segment Tree,Sum of given range | Segment tree construction and update | Simplest explanation,https://www.youtube.com/watch?v=2bSS8rtFym4
Segment Tree,Range minimum query | 3 methods | Segment tree,https://www.youtube.com/watch?v=DpSYj7t1sbQ
Segment Tree,XOR of a given range | Segment tree | 3 methods,https://www.youtube.com/watch?v=OZWjTspvYJc
Greedy algorithms,Lazy bartender problem,https://www.youtube.com/watch?v=0NHKfX7hkNA
Time & Space complexity analysis,Intuition of time and space complexity analysis,https://www.youtube.com/watch?v=Rm54zUiwTp4
Time & Space complexity analysis,Intuition of Big O | Worst case time and space complexity analysis,https://www.youtube.com/watch?v=6kVrN4wkCr4
Time & Space complexity analysis,Finding time complexity of iterative programs | Part-1,https://www.youtube.com/watch?v=aDxhlwqF1k4
Graph,Types of graph,https://www.youtube.com/watch?v=caAVlibiTkY
Graph,Representation of graph using adjacency matrix and adjacency list,https://www.youtube.com/watch?v=4R7chuhzq7k
Graph,Depth first search | DFS | Depth first traversal,https://www.youtube.com/watch?v=CvUMf8c2JFo
Graph,Breadth first search | BFS | Breadth first traversal,https://www.youtube.com/watch?v=YYq38LTz774
Graph,Detect cycle in a directed graph,https://www.youtube.com/watch?v=0dJmTuMrUZM
Graph,Detect cycle in an undirected graph | Graph coloring method,https://www.youtube.com/watch?v=L0DcePeWHnM
Graph,Clone graph | Leetcode #133,https://www.youtube.com/watch?v=f2EfGComRKM
Graph,Kahn's algorithm | Topological sort | Course schedule 2 | Leetcode #210,https://www.youtube.com/watch?v=tggiFvaxjrY
Graph,Disjoint Set | UNION and FIND,https://www.youtube.com/watch?v=eTaWFhPXPz4
Graph,Disjoint set UNION by RANK and Path Compression,https://www.youtube.com/watch?v=kaBX2s3pYO4
Graph,Spanning Tree | MST | Graph Theory,https://www.youtube.com/watch?v=jMioOe2eTcY
Graph,Prims algorithm | MST | Code implementation,https://www.youtube.com/watch?v=xthRL0lcx2w
Graph,Kruskals algorithm | Construct MST,https://www.youtube.com/watch?v=_Iz-QLBGKpM
Graph,Kruskal algorithm implementation,https://www.youtube.com/watch?v=Ub-fJ-KoBQM
Graph,Dijkstra algorithm | Single source shortest path algorithm,https://www.youtube.com/watch?v=Sj5Z-jaE2x0
Graph,Dijkstra algorithm | Code implementation,https://www.youtube.com/watch?v=t2d-XYuPfg0
Graph,Bellman Ford Algorithm,https://www.youtube.com/watch?v=FrLWd1tJ_Wc
Graph,Bellman Ford Algorithm Code Implementation,https://www.youtube.com/watch?v=24HziTZ8_xo
Graph,Floyd Warshall algorithm | All pairs shortest path,https://www.youtube.com/watch?v=nV_wOZnhbog
Graph,Kosaraju Algorithm | Strongly connected components in a graph,https://www.youtube.com/watch?v=Rs6DXyWpWrI
Graph,Tarjans strongly connected components algorithm,https://www.youtube.com/watch?v=ZeDNSeilf-Y
Graph,Find Articulation Points using Tarjans Algorithm | Cut vertex,https://www.youtube.com/watch?v=64KK9K4RpKE
Graph,Find Bridges in a graph using Tarjans Algorithm | Cut Edge,https://www.youtube.com/watch?v=Rhxs4k6DyMM
Graph,Euler Graph | Euler Circuit | Euler Path | Eulerian Graph | Semi Eulerian Graph | Algorithm | CODE,https://www.youtube.com/watch?v=WY6Jsp3NxIk
Graph,Network Delay Time | Leetcode #743,https://www.youtube.com/watch?v=YHx6r9pM5e0
Graph,Critical Connections in a network | Leetcode #1192 | Tarjans algorithm for bridge,https://www.youtube.com/watch?v=HsBefuOqkd4
Graph,Number of Operations to Make Network Connected | Leetcode #1319 | MST | DFS,https://www.youtube.com/watch?v=3JIwIRir2sM
Graph,Prims vs Dijkstra algorithm | MST vs SSSP,https://www.youtube.com/watch?v=Z_yuwfriWAw
Bit Operations,Find rightmost set bit efficiently,https://www.youtube.com/watch?v=Ztt-VtNyqL8
Bit Operations,Find rightmost different bit between 2 numbers,https://www.youtube.com/watch?v=RGE0W2iUkuI
Bit Operations,Toggle bits in a given range,https://www.youtube.com/watch?v=9y7bTW90BCo
Bit Operations,Check if Kth bit is set or not,https://www.youtube.com/watch?v=ldhT2uVSdUQ
Bit Operations,Majority element in an array | Bitmasking,https://www.youtube.com/watch?v=0s3zqYaDInE
Bit Operations,Concatenation of Consecutive Binary Numbers | Leetcode #1680,https://www.youtube.com/watch?v=ttlNQ6YrdGs
Trie,Basics of trie,https://www.youtube.com/watch?v=6PX6wqDQE20
Trie,Trie insertion and search,https://www.youtube.com/watch?v=0k79LqIaHyQ
Trie,Trie deletion and search,https://www.youtube.com/watch?v=ict1UawpXMM
Trie,Count number of strings with given prefix,https://www.youtube.com/watch?v=UsWDLWuBUls
Data visualization and analysis using python,Data visualization using python | Data analysis trick,https://www.youtube.com/watch?v=f4u7Tvy6EeA
Interview Puzzles,simple trick to measure 45 minutes using 2 burning wires,https://www.youtube.com/watch?v=w_XYpRi7YiU
Interview Puzzles,Ant and triangle puzzle,https://www.youtube.com/watch?v=V4vXpmX9OOc
Interview Puzzles,Monty hall problem solved!,https://www.youtube.com/watch?v=BoRgi2f_SPU
Interview Puzzles,Amazon interview puzzle,https://www.youtube.com/watch?v=8_RFvmok980
Interview Puzzles,Last ant on rod,https://www.youtube.com/watch?v=DFLoQSl50Fk
Placement Guide,閥 7 Days DSA Cheat Sheet | Quick DSA preparation plan,https://www.youtube.com/watch?v=YVPCV_R5V_Q
Placement Guide,閥Best resource for interview preparation | Avoid these mistakes,https://www.youtube.com/watch?v=ich1jiTywGk
Placement Guide,閥How to optimize a solution which you don't know | Interview Hacks,https://www.youtube.com/watch?v=8yjxtepvZxM
Placement Guide,Reservoir Sampling | USA Crash Course batch | LIVE session,https://www.youtube.com/watch?v=DC2el-eDNi4
Placement Guide,Find algorithm to any problem,https://www.youtube.com/watch?v=_LCsw5J-Mj0
Searching Algorithms,What is Jump Search and how does it work (with CODE),https://www.youtube.com/watch?v=wNOoyZ45SmQ
Searching Algorithms,Interpolation Search algorithm (with Example & CODE),https://www.youtube.com/watch?v=hF9iJEPegNc
Searching Algorithms,Exponential Search - better than Binary search? (Explained),https://www.youtube.com/watch?v=BDVYtuWXgXE
Searching Algorithms,KMP algorithm | Pattern search algorithm | string search algorithm,https://www.youtube.com/watch?v=ziteu2FpYsA
Searching Algorithms,Linear search vs Binary search,https://www.youtube.com/watch?v=sSYQ1H9-Vks
Searching Algorithms,Aggressive cow | SPOJ,https://www.youtube.com/watch?v=SiE1XFhYoaA
Object Oriented Programming (OOPs) in C++,What is object oriented programming (with Example),https://www.youtube.com/watch?v=B8x8CC35Puo
Dynamic Programming,How to calculate Catalan Number | Find Nth catalan number in most efficient ways (3 methods),https://www.youtube.com/watch?v=CMaZ69P1bAc
Dynamic Programming,Find number of ways to partition a set with N elements into K sets,https://www.youtube.com/watch?v=0Q_U9_gryRg
Dynamic Programming,Maximum chain length of pairs || Dynamic programming,https://www.youtube.com/watch?v=dgNdDMMb8Rk
Dynamic Programming,Wine selling problem | Dynamic programming | Backtracking,https://www.youtube.com/watch?v=f4jUEEzjEJw
Dynamic Programming,Painter partition problem | Dynamic programming,https://www.youtube.com/watch?v=zNVT8SnGRig
Dynamic Programming,Best time to buy and sell stock with cooldown | Leetcode #309,https://www.youtube.com/watch?v=4wNXkhAky3s
System Design Concepts,Horizontal and Vertical scaling (Explained with AWS example),https://www.youtube.com/watch?v=dDRaJZ3HFqI
System Design Concepts,ACID properties in DBMS explained (With Example),https://www.youtube.com/watch?v=nZK5a-jHvMU
System Design Concepts,Eventual consistency vs Strong consistency (with Example),https://www.youtube.com/watch?v=Qz9DiHng-RM
System Design Concepts,BASE properties in DBMS (with example),https://www.youtube.com/watch?v=l8SoqbLNN7Q
Advanced Data Structures,Unrolled Linked List | Why we fill only half node in unrolled linked list,https://www.youtube.com/watch?v=ojMzw2gehaw
Advanced Data Structures,Unrolled Linked List INSERTION DELETION TRAVERSAL,https://www.youtube.com/watch?v=PVieySxgEik
Advanced Data Structures,what is Self Organizing List || How does Self Organizing List work,https://www.youtube.com/watch?v=o5ZhdQFnLhA
Advanced Data Structures,Skip List || How does skip list work,https://www.youtube.com/watch?v=YZ5ef_HiHJ8
Advanced Data Structures,XOR Linked List || Memory Efficient Doubly Linked List,https://www.youtube.com/watch?v=t1oso4cpbMg
Tree,Preorder Traversal without recursion | Iterative Preorder Traversal,https://www.youtube.com/watch?v=K2ybI-GEHSY
Tree,Inorder traversal without recursion | Iterative Inorder tree traversal,https://www.youtube.com/watch?v=5y_j0OqD7v8
Tree,Postorder traversal without recursion | Iterative Postorder tree traversal,https://www.youtube.com/watch?v=k21VKEM8OFY
Tree,Levelorder Tree Traversal,https://www.youtube.com/watch?v=Z61CXSC12yU
Tree,Simplest Binary Tree Traversal trick for preorder inorder postorder,https://www.youtube.com/watch?v=WLvU5EQVZqY
Tree,simplest way to find preorder given inorder and postorder | construct binary tree,https://www.youtube.com/watch?v=kftYiqN5_HI
Tree,Find postorder given inorder and preorder | Build binary tree given inorder and preorder,https://www.youtube.com/watch?v=wGmJatvjANY
Tree,The real reason why can't we find inorder given preorder and postorder,https://www.youtube.com/watch?v=HbqTvXEypac
Tree,Left view of a binary tree,https://www.youtube.com/watch?v=AIokcTT0LuE
Tree,Check if a tree is bst or not,https://www.youtube.com/watch?v=TKvbwPIOGCM
Tree,Lowest Common Ancestor of a binary tree | Leetcode #236,https://www.youtube.com/watch?v=KobQcxdaZKY
Tree,Count of good nodes | Leetcode #1448,https://www.youtube.com/watch?v=rbqbmCABEhU
Tree,Serialize and Deserialize a Binary Tree | Leetcode #297,https://www.youtube.com/watch?v=Qtf8ieq3zco
About sorting basics,Heap Sort (with How heap is implemented using array),https://www.youtube.com/watch?v=pUiQIOtqr0I
About sorting basics,Best Sorting Algorithm,https://www.youtube.com/watch?v=SRO5f4qdtQI
About sorting basics,Bubble Sort Vs Selection Sort,https://www.youtube.com/watch?v=ds_4wTSYd8k
About sorting basics,Stable Vs Unstable Sort [FULL],https://www.youtube.com/watch?v=X1DUh3JhLTw
About sorting basics,Strand Sort Algorithm,https://www.youtube.com/watch?v=t8r6wyG8eAU
About sorting basics,Randomized Qsort (Full & Easy Explanation),https://www.youtube.com/watch?v=aFswaBnWKLk
About sorting basics,Tree Sort (EASY EXPLANATION),https://www.youtube.com/watch?v=Qg_a1jrIhoc
About sorting basics,What is Selection sort algorithm || How does Selection sort work,https://www.youtube.com/watch?v=kfKFQEehhCk
About sorting basics,What is Inplace sorting algorithm || How to know if an algorithm is Inplace,https://www.youtube.com/watch?v=SCUYnQxZsPE
About sorting basics,what are Unstable sorting algorithm || How to know if a sorting algorithm is Unstable,https://www.youtube.com/watch?v=wz-Wio8VAmw
About sorting basics,Why is Quick Sort best for Arrays,https://www.youtube.com/watch?v=ymibSXllLec
About sorting basics,Out-Place sorting algorithm (Explained with Examples),https://www.youtube.com/watch?v=yAR6rbEZP2k
Linked List,Finding middle node in a Linked List in O(N) time and Single Pass (with CODE illustration),https://www.youtube.com/watch?v=2C7WrpgnLDw
Linked List,Find and Print cycle in a Linked List (with CODE),https://www.youtube.com/watch?v=0b4u72Kymqw
Linked List,Reverse a Linked List using Recursion (with CODE),https://www.youtube.com/watch?v=5PLdnPfkO6w
Linked List,Reverse a Linked List without using recursion (with CODE),https://www.youtube.com/watch?v=MTjb-vgjzqs
Programming Interview Questions,Find Missing number in an array (Unsorted and Sorted array),https://www.youtube.com/watch?v=fz40YQ8Fg_I
Programming Interview Questions,Find Duplicate element in an array || 2 methods,https://www.youtube.com/watch?v=0aVmACL_We4
Programming Interview Questions,Quick Select Algorithm | Efficient searching algorithm,https://www.youtube.com/watch?v=BP7GCALO2v8
Programming Interview Questions,Dynamic memory allocation in C and C++ | calloc malloc realloc free new delete,https://www.youtube.com/watch?v=1VwVaV1_5PI
Programming Interview Questions,Implement stack using heap or priority queue,https://www.youtube.com/watch?v=A1fc2Robnk0
Programming Interview Questions,Amazon interview question - Bell Numbers,https://www.youtube.com/watch?v=oGYFJ9gSBKw
Programming Interview Questions,fork() in linux,https://www.youtube.com/watch?v=CaWgJIbwb-4
Programming Interview Questions,String permutation algorithm | All permutations of a string,https://www.youtube.com/watch?v=GuTPwotSdYw
Programming Interview Questions,Lucky numbers programming interview question,https://www.youtube.com/watch?v=eUiLzMPRamM
Programming Interview Questions,Samsung interview question | minimum steps in infinite grid,https://www.youtube.com/watch?v=ZNh35dFqklM
Programming Interview Questions,XOR of 2 numbers without using XOR operator,https://www.youtube.com/watch?v=aVZcIRPuJ78
Programming Interview Questions,Subarray with given sum,https://www.youtube.com/watch?v=Ofl4KgFhLsM
Programming Interview Questions,Counting the triplets,https://www.youtube.com/watch?v=ZD7WxJ3O2XE
Programming Interview Questions,Find missing number in an array,https://www.youtube.com/watch?v=6KHW7ZQwtCA
Programming Interview Questions,How to merge two sorted arrays,https://www.youtube.com/watch?v=DeLnQpIxo-A
Programming Interview Questions,Rearrange array alternately,https://www.youtube.com/watch?v=ZRoVWxBngX0
Programming Interview Questions,Counting inversions in an array,https://www.youtube.com/watch?v=owZhw-A0yWE
Programming Interview Questions,Find equilibrium point in an array,https://www.youtube.com/watch?v=c9imv2LvgWk
Programming Interview Questions,Find leaders in an array,https://www.youtube.com/watch?v=SnU0xiQ_jJ0
Programming Interview Questions,Minimum platforms needed in a railway station,https://www.youtube.com/watch?v=38JLfQGVlkw
Programming Interview Questions,Reverse words in a string,https://www.youtube.com/watch?v=hQFr4p1OKpk
Programming Interview Questions,Remove adjacent duplicates in a string,https://www.youtube.com/watch?v=yJv_ltADGuA
Programming Interview Questions,Find if one string is a rotation of another string,https://www.youtube.com/watch?v=5e63aHK6Q-E
Programming Interview Questions,Remove duplicates from a string,https://www.youtube.com/watch?v=9_zh42lp3lk
Programming Interview Questions,Check if two strings are anagrams,https://www.youtube.com/watch?v=QZmh8-Auqo8
Programming Interview Questions,Implement atoi | Convert string to integer,https://www.youtube.com/watch?v=2I9XO8jwZCA
Programming Interview Questions,Find minimum operations,https://www.youtube.com/watch?v=03ZepmoVJGI
Programming Interview Questions,Candy distribution problem,https://www.youtube.com/watch?v=h6_lIwZYHQw
Programming Interview Questions,Print combinations of r elements in an array of size n,https://www.youtube.com/watch?v=7IQHYbmuoVU
Programming Interview Questions,Trick for spiral matrix traversal,https://www.youtube.com/watch?v=1ZGJzvkcLsA
Programming Interview Questions,Find missing and repeating number,https://www.youtube.com/watch?v=OTkoJOP6m6w
Programming Interview Questions,Stock span problem,https://www.youtube.com/watch?v=-IFmgue8sF0
Programming Interview Questions,Moore voting algorithm,https://www.youtube.com/watch?v=n5QY3x_GNDg
Programming Interview Questions,Merge 2 sorted arrays without extra space,https://www.youtube.com/watch?v=NWMcj5QFW74
Programming Interview Questions,Largest number formed from an array,https://www.youtube.com/watch?v=qEIGhVtZ-sg
Programming & Data Structures,const int *X Vs int *const X,https://www.youtube.com/watch?v=5Hot9ztKNt8
Programming & Data Structures,Types of  Binary Tree [5 types],https://www.youtube.com/watch?v=Fb62cCPnuY0
Programming & Data Structures,DFS vs BFS (4-differences EASY EXPLANATION),https://www.youtube.com/watch?v=VXMsgBLzz68
Programming & Data Structures,SuffixTree (FULL EXPLANATION),https://www.youtube.com/watch?v=FEOMmxjuZrY
Programming & Data Structures,Suffix Trie (COMPACT),https://www.youtube.com/watch?v=rvf1rVrCpmo
Programming & Data Structures,Suffix Trie (NON-COMPACT),https://www.youtube.com/watch?v=t7z69rclIEc
Programming & Data Structures,PATRICIA || Most Compact Trie,https://www.youtube.com/watch?v=dbTVU8jR0Vs
Programming & Data Structures,Compact Trie,https://www.youtube.com/watch?v=GnaRKPrmnzE
Programming & Data Structures,Non-Compact Trie || Construction & SEARCHING,https://www.youtube.com/watch?v=KseMZynY5NA
Programming & Data Structures,What is a TRIE || RETRIEVAL Trees,https://www.youtube.com/watch?v=NwGiOGiIKls
Programming & Data Structures,Online Vs Offline Algorithm (with Example),https://www.youtube.com/watch?v=_6axWtVFPdM